id,titulo,fecha_estreno,genero,duracion_min,presupuesto_musd,taquilla_musd,popularidad,rating,votos,idioma_original,adulto
1711051,100 Years,2099-12-31,Sin género,0,0.0,0.0,0.26,0.0,0,en,False
1742644,American Static,2047-05-11,Ciencia ficción,186,0.0,0.0,0.24,0.0,0,en,False
1742657,September,2045-07-08,Terror,140,0.0,0.0,0.25,0.0,0,en,False
1370697,Light Years,2044-10-01,Sin género,7,0.0,0.0,0.69,0.0,0,en,False
1742658,Harvest,2043-10-03,Terror,184,0.0,0.0,0.21,0.0,0,en,False
1742647,Mudflower,2038-12-04,Bélica,152,0.0,0.0,0.32,0.0,0,en,False
1742634,Vestige,2036-09-06,Crimen,144,0.0,0.0,0.25,0.0,0,en,False
1742626,Lament,2034-05-12,Drama,165,0.0,0.0,0.19,0.0,0,en,False
393209,Avatar 5,2031-12-17,Aventura,0,0.0,0.0,2.45,0.0,0,en,False
1742641,The Vaster,2031-09-26,Terror,138,0.0,0.0,0.26,0.0,0,en,False
1317715,Quando a Luz Se Apaga,2031-01-01,Documental,0,0.0,0.0,1.75,0.0,0,pt,False
1662961,No volveremos,2030-09-01,Drama,0,0.0,0.0,0.58,0.0,0,es,False
216527,Avatar 4,2029-12-19,Ciencia ficción,0,0.0,0.0,4.13,0.0,0,en,False
1742654,Act of Violence,2029-12-01,Crimen,109,0.0,0.0,0.31,0.0,0,en,False
1451567,Coco 2,2029-11-21,Animación,0,0.0,0.0,3.64,0.0,0,en,False
1463621,Welts,2029-11-16,Drama,0,0.0,0.0,1.22,0.0,0,en,False
1732833,The Scuba Diving Frenchman,2029-07-27,Comedia,0,0.0,0.0,0.2,0.0,0,en,False
1646447,Happy Mothercore,2029-05-24,Animación,0,0.0,0.0,0.31,0.0,0,fr,False
1746394,Русалочка,2029-01-01,Familia,0,0.0,0.0,0.41,0.0,0,ru,False
1731466,Остров Сокровищ,2029-01-01,Aventura,0,0.0,0.0,0.28,0.0,0,ru,False
1731464,12 месяцев,2029-01-01,Aventura,0,0.0,0.0,1.76,0.0,0,ru,False
1625852,A Sleigh of One's Own,2028-12-25,Sin género,0,0.0,0.0,0.47,0.0,0,en,False
1468313,Untitled Sonic Universe Film,2028-12-22,Ciencia ficción,0,0.0,0.0,0.34,0.0,0,en,False
1386618,Black Panther 3,2028-12-13,Ciencia ficción,0,0.0,0.0,3.94,0.0,0,en,False
1746788,Pleasant,2028-12-01,Comedia,0,0.0,0.0,5.69,0.0,0,en,False
1211845,Tetiği Çekmedikçe Emniyetli,2028-12-01,Romance,0,0.0,0.0,0.48,0.0,0,tr,False
1749880,Clay,2028-11-22,Animación,0,0.0,0.0,1.2,0.0,0,en,False
1357938,Jehanne d'Arc,2028-11-22,Historia,0,0.0,0.0,0.77,0.0,0,en,False
1545226,Tortugas Ninja,2028-11-16,Ciencia ficción,0,0.0,0.0,0.43,0.0,0,en,False
1639029,Manson's War,2028-11-12,Suspense,0,0.0,0.0,1.21,0.0,0,en,False
1703965,Light Undying,2028-11-07,Drama,0,0.0,0.0,0.61,0.0,0,en,False
1715249,Untitled Duffer Brothers Film,2028-11-02,Sin género,0,0.0,0.0,0.37,0.0,0,en,False
1138526,The Lunar Chronicles,2028-11-02,Animación,0,0.0,0.0,1.14,0.0,0,en,False
1732615,Consumption,2028-10-31,Terror,0,0.0,0.0,0.21,0.0,0,en,False
1608956,Lesai: The Movie,2028-10-27,Sin género,180,0.0,0.0,0.23,0.0,0,en,False
1225335,bodybags,2028-10-27,Terror,0,0.01,0.0,0.81,0.0,0,en,False
980571,Fractured Justice,2028-10-20,Crimen,0,0.0,0.0,0.46,0.0,0,en,False
1411095,दूसरा महायुद्ध,2028-10-18,Acción,0,0.0,0.0,0.5,0.0,0,hi,False
1719306,Freddy the 13th,2028-10-13,Animación,0,0.0,0.0,0.38,0.0,0,en,False
1653067,The Young Justice,2028-10-13,Acción,0,0.0,0.0,0.69,0.0,0,en,False
1728600,Mr. Smith,2028-10-08,Suspense,104,0.0,0.0,0.19,0.0,0,en,False
1626020,Halmeoni,2028-09-16,Drama,0,25.0,0.0,0.87,0.0,0,fr,False
1529266,Gladys,2028-09-07,Terror,0,0.0,0.0,0.84,0.0,0,en,False
1111197,Thota Kovi,2028-09-01,Crimen,0,1.0,0.0,0.4,0.0,0,kn,False
1525218,Narco Shark 3,2028-08-18,Acción,99,0.01,0.0,0.38,0.0,0,en,False
1536556,Grave Echos,2028-08-17,Terror,0,0.0,0.0,0.47,0.0,0,en,False
1411093,पहला महायुद्ध,2028-08-11,Terror,0,0.0,0.0,0.68,0.0,0,hi,False
1526262,Kameny se valí do Prahy,2028-08-10,Sin género,0,0.0,0.0,0.35,0.0,0,cs,False
1752779,Detective Pikachu 2,2028-07-31,Sin género,115,190.0,0.0,0.01,0.0,0,en,False
1738010,Ghost Rider,2028-07-28,Fantasía,0,0.0,0.0,4.74,0.0,0,en,False
615127,Hello Kitty,2028-07-20,Animación,0,0.0,0.0,2.46,0.0,0,en,False
1659924,PAYNEKILLER,2028-07-12,Crimen,0,0.0,0.0,0.32,0.0,0,en,False
1619712,Cast in Blue,2028-07-12,Sin género,0,0.0,0.0,0.18,0.0,0,en,False
1684156,Fingertips: Reborn,2028-07-07,Terror,0,0.0,0.0,0.65,0.0,0,en,False
1597817,Headout,2028-07-07,Drama,111,0.0,0.0,0.17,0.0,0,it,False
1729752,Tenchi Galaxy,2028-07-01,Acción,0,0.0,0.0,0.69,0.0,0,en,False
1364797,Dúo dinámico,2028-06-29,Animación,0,0.0,0.0,2.52,0.0,0,en,False
1540305,Call of Duty,2028-06-28,Acción,0,0.0,0.0,0.66,0.0,0,en,False
1110132,Donkey,2028-06-28,Animación,0,0.0,0.0,0.88,0.0,0,en,False
1519227,Captain Zero: The Movie,2028-06-18,Animación,113,12.0,0.0,1.38,0.0,0,en,False
1748914,Ghosted,2028-06-16,Terror,0,0.0,0.0,0.74,0.0,0,en,False
1327821,Los increíbles 3,2028-06-15,Animación,0,0.0,0.0,4.83,0.0,0,en,False
1529259,The Flood,2028-06-10,Terror,0,0.0,0.0,0.68,0.0,0,en,False
1615789,Волшебник Изумрудного города. Возвращение домой,2028-06-01,Fantasía,0,0.0,0.0,2.65,0.0,0,ru,False
1654623,La Bête du Gévaudan 5,2028-05-29,Sin género,0,0.0,0.0,0.19,0.0,0,en,False
1504349,Lilo & Stitch 2,2028-05-25,Familia,0,0.0,0.0,2.72,0.0,0,en,False
1212489,La Resurrección de Cristo: Parte dos,2028-05-25,Drama,0,100.0,0.0,1.56,0.0,0,en,False
1693028,나의 대통령,2028-05-23,Animación,0,0.0,0.0,0.23,0.0,0,ko,False
1736379,Agent Owen,2028-05-19,Acción,0,0.02,0.0,0.23,0.0,0,en,False
1615504,Before the Silence,2028-05-19,Drama,0,0.0,0.0,0.29,0.0,0,en,False
1467853,Miami Vice '85,2028-05-18,Crimen,0,0.0,0.0,2.27,0.0,0,en,False
1668254,La direction,2028-05-17,Drama,0,0.0,0.0,0.17,0.0,0,fr,False
1732850,Charmed Lives: A Family Romance,2028-05-11,Documental,0,0.0,0.0,1.27,0.0,0,en,False
1505252,Final Destination 7,2028-05-11,Terror,0,0.0,0.0,1.16,0.0,0,en,False
1739043,Cannibal Kitchen,2028-05-08,Terror,65,0.0,0.0,3.04,0.0,0,en,False
1293690,Untitled X-Men Film,2028-05-05,Ciencia ficción,0,0.0,0.0,10.15,0.0,0,en,False
1383155,Trójka,2028-05-01,Drama,25,0.0,0.0,0.25,0.0,0,pl,False
1566914,The Silver Bandits,2028-04-21,Acción,0,0.0,0.0,0.38,0.0,0,en,False
1280608,Evil Dead Wrath,2028-04-05,Terror,0,20.0,0.0,2.22,0.0,0,en,False
1247606,The Beatles: Ringo,2028-04-05,Drama,0,100.0,0.0,1.54,0.0,0,en,False
1247605,The Beatles: Paul,2028-04-05,Drama,0,100.0,0.0,2.02,0.0,0,en,False
1247603,The Beatles: George,2028-04-05,Drama,0,100.0,0.0,1.89,0.0,0,en,False
1247601,The Beatles: John,2028-04-05,Drama,0,100.0,0.0,2.1,0.0,0,en,False
1559978,Enredados,2028-03-31,Aventura,0,0.0,0.0,4.15,0.0,0,en,False
1488743,The Chosen: Resurrection,2028-03-31,Drama,0,0.0,0.0,0.6,0.0,0,en,False
762967,Поклонник,2028-03-23,Sin género,0,0.0,0.0,0.32,0.0,0,ru,False
755679,Fast Forever,2028-03-16,Acción,0,0.0,0.0,14.95,0.0,0,en,False
748865,"Oh, the Places You'll Go!",2028-03-16,Animación,0,0.0,0.0,0.62,0.0,0,en,False
1696624,The Creation of Blobs,2028-03-15,Animación,6,0.0,0.0,0.46,0.0,0,en,False
1647603,Ghost Market,2028-03-10,Animación,0,0.0,0.0,3.18,0.0,0,en,False
1263361,Садко,2028-03-08,Fantasía,0,0.0,0.0,0.48,0.0,0,ru,False
1485839,Elden Ring,2028-03-03,Fantasía,0,70.0,0.0,1.88,0.0,0,en,False
1655865,Bob Necromante,2028-03-01,Fantasía,0,0.01,0.0,0.23,0.0,0,pt,False
1637854,Alleen,2028-02-18,Sin género,0,0.0,0.0,0.84,0.0,0,nl,False
1388496,Grandgear,2028-02-17,Acción,0,0.0,0.0,0.52,0.0,0,en,False
806704,Batman: Parte 2,2028-02-17,Misterio,0,0.0,0.0,5.52,0.0,0,en,False
1662286,Золушка,2028-02-10,Sin género,0,0.0,0.0,0.94,0.0,0,ru,False
1625381,Heart Eyes 2,2028-02-10,Terror,0,0.0,0.0,0.51,0.0,0,en,False
1188748,"Murder, She Wrote",2028-02-03,Misterio,0,0.0,0.0,0.63,0.0,0,en,False
1634592,Endless Summer,2028-01-28,Drama,130,0.0,0.0,1.61,0.0,0,en,False
